<?xml version="1.0" encoding="UTF-8"?>
<project version="4">
  <component name="Encoding">
    <file url="file://$PROJECT_DIR$/src/main/java" charset="UTF-8" />
    <file url="file://$PROJECT_DIR$/src/main/java/ru/job4j/collection/Account.java" charset="UTF-8" />
    <file url="file://$PROJECT_DIR$/src/main/java/ru/job4j/collection/Citizen.java" charset="UTF-8" />
    <file url="file://$PROJECT_DIR$/src/main/java/ru/job4j/collection/NotifyAccount.java" charset="UTF-8" />
    <file url="file://$PROJECT_DIR$/src/main/java/ru/job4j/collection/PassportOffice.java" charset="UTF-8" />
    <file url="file://$PROJECT_DIR$/src/main/java/ru/job4j/collection/UsageHashSet.java" charset="UTF-8" />
    <file url="PROJECT" charset="windows-1251" />
  </component>
</project>