<?xml version="1.0" encoding="UTF-8"?>
<project version="4">
  <component name="AutoImportSettings">
    <option name="autoReloadType" value="SELECTIVE" />
  </component>
  <component name="ChangeListManager">
    <list default="true" id="137908a7-4b6f-4114-bb20-60af25e0e72a" name="Changes" comment="Аттестация [#49777 #362985]" />
    <option name="SHOW_DIALOG" value="false" />
    <option name="HIGHLIGHT_CONFLICTS" value="true" />
    <option name="HIGHLIGHT_NON_ACTIVE_CHANGELIST" value="false" />
    <option name="LAST_RESOLUTION" value="IGNORE" />
  </component>
  <component name="FileTemplateManagerImpl">
    <option name="RECENT_TEMPLATES">
      <list>
        <option value="Interface" />
        <option value="Class" />
        <option value="Record" />
        <option value="JUnit5 Test Class" />
      </list>
    </option>
  </component>
  <component name="Git.Settings">
    <option name="RECENT_GIT_ROOT_PATH" value="$PROJECT_DIR$" />
  </component>
  <component name="GitSEFilterConfiguration">
    <file-type-list>
      <filtered-out-file-type name="LOCAL_BRANCH" />
      <filtered-out-file-type name="REMOTE_BRANCH" />
      <filtered-out-file-type name="TAG" />
      <filtered-out-file-type name="COMMIT_BY_MESSAGE" />
    </file-type-list>
  </component>
  <component name="MarkdownSettingsMigration">
    <option name="stateVersion" value="1" />
  </component>
  <component name="ProjectId" id="2FXOEwReIOq4ObqUxf1dQ1BlXEN" />
  <component name="ProjectLevelVcsManager">
    <ConfirmationsSetting value="2" id="Add" />
  </component>
  <component name="ProjectViewState">
    <option name="hideEmptyMiddlePackages" value="true" />
    <option name="showLibraryContents" value="true" />
  </component>
  <component name="PropertiesComponent">
    <property name="com.intellij.testIntegration.createTest.CreateTestDialog.defaultLibrary" value="JUnit5" />
    <property name="com.intellij.testIntegration.createTest.CreateTestDialog.defaultLibrarySuperClass.JUnit5" value="" />
    <property name="restartRequiresConfirmation" value="false" />
    <property name="settings.editor.selected.configurable" value="reference.projectsettings.compiler.javacompiler" />
  </component>
  <component name="RecentsManager">
    <key name="CreateTestDialog.Recents.Supers">
      <recent name="" />
    </key>
    <key name="MoveClassesOrPackagesDialog.RECENTS_KEY">
      <recent name="ru.job4j.collection" />
    </key>
    <key name="CreateTestDialog.RecentsKey">
      <recent name="ru.job4j.stream" />
      <recent name="ru.job4j.collection" />
      <recent name="ru.job4j.function" />
      <recent name="ru.job4j.map" />
      <recent name="ru.job4j.bank" />
    </key>
  </component>
  <component name="RunManager" selected="JUnit.AnalyzeByMapTest">
    <configuration name="AnalyzeByMapTest" type="JUnit" factoryName="JUnit" temporary="true" nameIsGenerated="true">
      <module name="job4j_tracker" />
      <extension name="coverage">
        <pattern>
          <option name="PATTERN" value="ru.job4j.stream.*" />
          <option name="ENABLED" value="true" />
        </pattern>
      </extension>
      <option name="PACKAGE_NAME" value="ru.job4j.stream" />
      <option name="MAIN_CLASS_NAME" value="ru.job4j.stream.AnalyzeByMapTest" />
      <option name="TEST_OBJECT" value="class" />
      <method v="2">
        <option name="Make" enabled="true" />
      </method>
    </configuration>
    <configuration name="AnalyzeByMapTest.whenBestPupil" type="JUnit" factoryName="JUnit" temporary="true" nameIsGenerated="true">
      <module name="job4j_tracker" />
      <extension name="coverage">
        <pattern>
          <option name="PATTERN" value="ru.job4j.stream.*" />
          <option name="ENABLED" value="true" />
        </pattern>
      </extension>
      <option name="PACKAGE_NAME" value="ru.job4j.stream" />
      <option name="MAIN_CLASS_NAME" value="ru.job4j.stream.AnalyzeByMapTest" />
      <option name="METHOD_NAME" value="whenBestPupil" />
      <option name="TEST_OBJECT" value="method" />
      <method v="2">
        <option name="Make" enabled="true" />
      </method>
    </configuration>
    <configuration name="AnalyzeByMapTest.whenBestSubject" type="JUnit" factoryName="JUnit" temporary="true" nameIsGenerated="true">
      <module name="job4j_tracker" />
      <extension name="coverage">
        <pattern>
          <option name="PATTERN" value="ru.job4j.stream.*" />
          <option name="ENABLED" value="true" />
        </pattern>
      </extension>
      <option name="PACKAGE_NAME" value="ru.job4j.stream" />
      <option name="MAIN_CLASS_NAME" value="ru.job4j.stream.AnalyzeByMapTest" />
      <option name="METHOD_NAME" value="whenBestSubject" />
      <option name="TEST_OBJECT" value="method" />
      <method v="2">
        <option name="Make" enabled="true" />
      </method>
    </configuration>
    <configuration name="AnalyzeByMapTest.whenListOfPupilAverage" type="JUnit" factoryName="JUnit" temporary="true" nameIsGenerated="true">
      <module name="job4j_tracker" />
      <extension name="coverage">
        <pattern>
          <option name="PATTERN" value="ru.job4j.stream.*" />
          <option name="ENABLED" value="true" />
        </pattern>
      </extension>
      <option name="PACKAGE_NAME" value="ru.job4j.stream" />
      <option name="MAIN_CLASS_NAME" value="ru.job4j.stream.AnalyzeByMapTest" />
      <option name="METHOD_NAME" value="whenListOfPupilAverage" />
      <option name="TEST_OBJECT" value="method" />
      <method v="2">
        <option name="Make" enabled="true" />
      </method>
    </configuration>
    <configuration name="AnalyzeByMapTest.whenListOfSubjectAverage" type="JUnit" factoryName="JUnit" temporary="true" nameIsGenerated="true">
      <module name="job4j_tracker" />
      <extension name="coverage">
        <pattern>
          <option name="PATTERN" value="ru.job4j.stream.*" />
          <option name="ENABLED" value="true" />
        </pattern>
      </extension>
      <option name="PACKAGE_NAME" value="ru.job4j.stream" />
      <option name="MAIN_CLASS_NAME" value="ru.job4j.stream.AnalyzeByMapTest" />
      <option name="METHOD_NAME" value="whenListOfSubjectAverage" />
      <option name="TEST_OBJECT" value="method" />
      <method v="2">
        <option name="Make" enabled="true" />
      </method>
    </configuration>
    <recent_temporary>
      <list>
        <item itemvalue="JUnit.AnalyzeByMapTest" />
        <item itemvalue="JUnit.AnalyzeByMapTest.whenBestSubject" />
        <item itemvalue="JUnit.AnalyzeByMapTest.whenBestPupil" />
        <item itemvalue="JUnit.AnalyzeByMapTest.whenListOfSubjectAverage" />
        <item itemvalue="JUnit.AnalyzeByMapTest.whenListOfPupilAverage" />
      </list>
    </recent_temporary>
  </component>
  <component name="SpellCheckerSettings" RuntimeDictionaries="0" Folders="0" CustomDictionaries="0" DefaultDictionary="application-level" UseSingleDictionary="true" transferred="true" />
  <component name="TaskManager">
    <task active="true" id="Default" summary="Default task">
      <changelist id="137908a7-4b6f-4114-bb20-60af25e0e72a" name="Changes" comment="" />
      <created>1664634854213</created>
      <option name="number" value="Default" />
      <option name="presentableId" value="Default" />
      <updated>1664634854213</updated>
    </task>
    <task id="LOCAL-00044" summary="Компаратор для строк [#35008]">
      <created>1666555307156</created>
      <option name="number" value="00044" />
      <option name="presentableId" value="LOCAL-00044" />
      <option name="project" value="LOCAL" />
      <updated>1666555307157</updated>
    </task>
    <task id="LOCAL-00045" summary="Сортировка номера [#221284]">
      <created>1666555822589</created>
      <option name="number" value="00045" />
      <option name="presentableId" value="LOCAL-00045" />
      <option name="project" value="LOCAL" />
      <updated>1666555822589</updated>
    </task>
    <task id="LOCAL-00046" summary="JaCoCo. Процент покрытия тестами [#31726]">
      <created>1666556221856</created>
      <option name="number" value="00046" />
      <option name="presentableId" value="LOCAL-00046" />
      <option name="project" value="LOCAL" />
      <updated>1666556221856</updated>
    </task>
    <task id="LOCAL-00047" summary="Что такое JavaDoc [#313879]">
      <created>1666557683462</created>
      <option name="number" value="00047" />
      <option name="presentableId" value="LOCAL-00047" />
      <option name="project" value="LOCAL" />
      <updated>1666557683462</updated>
    </task>
    <task id="LOCAL-00048" summary="Компаратор для строк [#35008 #354385]">
      <created>1666628499742</created>
      <option name="number" value="00048" />
      <option name="presentableId" value="LOCAL-00048" />
      <option name="project" value="LOCAL" />
      <updated>1666628499742</updated>
    </task>
    <task id="LOCAL-00049" summary="Отсортировать департаменты [#34352]">
      <created>1667555861915</created>
      <option name="number" value="00049" />
      <option name="presentableId" value="LOCAL-00049" />
      <option name="project" value="LOCAL" />
      <updated>1667555861915</updated>
    </task>
    <task id="LOCAL-00050" summary="Отсортировать департаменты [#34352]">
      <created>1667556957912</created>
      <option name="number" value="00050" />
      <option name="presentableId" value="LOCAL-00050" />
      <option name="project" value="LOCAL" />
      <updated>1667556957912</updated>
    </task>
    <task id="LOCAL-00051" summary="Анонимные классы [#214142]">
      <created>1667558572945</created>
      <option name="number" value="00051" />
      <option name="presentableId" value="LOCAL-00051" />
      <option name="project" value="LOCAL" />
      <updated>1667558572945</updated>
    </task>
    <task id="LOCAL-00052" summary="Лямбда блок [#249208]">
      <created>1667560132454</created>
      <option name="number" value="00052" />
      <option name="presentableId" value="LOCAL-00052" />
      <option name="project" value="LOCAL" />
      <updated>1667560132454</updated>
    </task>
    <task id="LOCAL-00053" summary="Лямбда блок [#249208]">
      <created>1667560151543</created>
      <option name="number" value="00053" />
      <option name="presentableId" value="LOCAL-00053" />
      <option name="project" value="LOCAL" />
      <updated>1667560151543</updated>
    </task>
    <task id="LOCAL-00054" summary="Отсортировать департаменты [#34352 #357811]">
      <created>1667743646443</created>
      <option name="number" value="00054" />
      <option name="presentableId" value="LOCAL-00054" />
      <option name="project" value="LOCAL" />
      <updated>1667743646443</updated>
    </task>
    <task id="LOCAL-00055" summary="Анонимные классы [#214142 #357822]">
      <created>1667743928834</created>
      <option name="number" value="00055" />
      <option name="presentableId" value="LOCAL-00055" />
      <option name="project" value="LOCAL" />
      <updated>1667743928834</updated>
    </task>
    <task id="LOCAL-00056" summary="Функциональный интерфейс [#247497]">
      <created>1667755772295</created>
      <option name="number" value="00056" />
      <option name="presentableId" value="LOCAL-00056" />
      <option name="project" value="LOCAL" />
      <updated>1667755772295</updated>
    </task>
    <task id="LOCAL-00057" summary="Лямбда блок [#249208 #357833]">
      <created>1667837402159</created>
      <option name="number" value="00057" />
      <option name="presentableId" value="LOCAL-00057" />
      <option name="project" value="LOCAL" />
      <updated>1667837402159</updated>
    </task>
    <task id="LOCAL-00058" summary="Функциональный интерфейс [#247497 #358457]">
      <created>1667837947841</created>
      <option name="number" value="00058" />
      <option name="presentableId" value="LOCAL-00058" />
      <option name="project" value="LOCAL" />
      <updated>1667837947841</updated>
    </task>
    <task id="LOCAL-00059" summary="Функциональный интерфейс [#247497 #358457]">
      <created>1667838033136</created>
      <option name="number" value="00059" />
      <option name="presentableId" value="LOCAL-00059" />
      <option name="project" value="LOCAL" />
      <updated>1667838033136</updated>
    </task>
    <task id="LOCAL-00060" summary="Функциональный интерфейс [#247497 #358457]">
      <created>1667924933231</created>
      <option name="number" value="00060" />
      <option name="presentableId" value="LOCAL-00060" />
      <option name="project" value="LOCAL" />
      <updated>1667924933231</updated>
    </task>
    <task id="LOCAL-00061" summary="Ссылки на методы [#70608]">
      <created>1667926193091</created>
      <option name="number" value="00061" />
      <option name="presentableId" value="LOCAL-00061" />
      <option name="project" value="LOCAL" />
      <updated>1667926193091</updated>
    </task>
    <task id="LOCAL-00062" summary="Зона видимости в лямбда-выражениях и исключения [#70609]">
      <created>1667929354132</created>
      <option name="number" value="00062" />
      <option name="presentableId" value="LOCAL-00062" />
      <option name="project" value="LOCAL" />
      <updated>1667929354132</updated>
    </task>
    <task id="LOCAL-00063" summary="Зона видимости в лямбда-выражениях и исключения [#70609 #359091]">
      <created>1668013903931</created>
      <option name="number" value="00063" />
      <option name="presentableId" value="LOCAL-00063" />
      <option name="project" value="LOCAL" />
      <updated>1668013903931</updated>
    </task>
    <task id="LOCAL-00064" summary="Подсчет функции в диапазоне. [#24251]">
      <created>1668025578650</created>
      <option name="number" value="00064" />
      <option name="presentableId" value="LOCAL-00064" />
      <option name="project" value="LOCAL" />
      <updated>1668025578650</updated>
    </task>
    <task id="LOCAL-00065" summary="Подсчет функции в диапазоне. [#24251]">
      <created>1668025640465</created>
      <option name="number" value="00065" />
      <option name="presentableId" value="LOCAL-00065" />
      <option name="project" value="LOCAL" />
      <updated>1668025640465</updated>
    </task>
    <task id="LOCAL-00066" summary="Функции высшего порядка [#24255]">
      <created>1668241933313</created>
      <option name="number" value="00066" />
      <option name="presentableId" value="LOCAL-00066" />
      <option name="project" value="LOCAL" />
      <updated>1668241933313</updated>
    </task>
    <task id="LOCAL-00067" summary="Stream API [#58166]">
      <created>1668251081086</created>
      <option name="number" value="00067" />
      <option name="presentableId" value="LOCAL-00067" />
      <option name="project" value="LOCAL" />
      <updated>1668251081086</updated>
    </task>
    <task id="LOCAL-00068" summary="Функции высшего порядка [#24255 #360155]">
      <created>1668328002154</created>
      <option name="number" value="00068" />
      <option name="presentableId" value="LOCAL-00068" />
      <option name="project" value="LOCAL" />
      <updated>1668328002154</updated>
    </task>
    <task id="LOCAL-00069" summary="Отладка лямбда в IDEA [#259165]">
      <created>1668328377903</created>
      <option name="number" value="00069" />
      <option name="presentableId" value="LOCAL-00069" />
      <option name="project" value="LOCAL" />
      <updated>1668328377903</updated>
    </task>
    <task id="LOCAL-00070" summary="Перенос методов в Stream API [#279131]">
      <created>1668332018064</created>
      <option name="number" value="00070" />
      <option name="presentableId" value="LOCAL-00070" />
      <option name="project" value="LOCAL" />
      <updated>1668332018064</updated>
    </task>
    <task id="LOCAL-00071" summary="Фильтрация учеников [#110058]">
      <created>1668448203289</created>
      <option name="number" value="00071" />
      <option name="presentableId" value="LOCAL-00071" />
      <option name="project" value="LOCAL" />
      <updated>1668448203289</updated>
    </task>
    <task id="LOCAL-00072" summary="Фильтрация учеников [#110058]">
      <created>1668448379386</created>
      <option name="number" value="00072" />
      <option name="presentableId" value="LOCAL-00072" />
      <option name="project" value="LOCAL" />
      <updated>1668448379386</updated>
    </task>
    <task id="LOCAL-00073" summary="Список адресов [#110062]">
      <created>1668449522434</created>
      <option name="number" value="00073" />
      <option name="presentableId" value="LOCAL-00073" />
      <option name="project" value="LOCAL" />
      <updated>1668449522434</updated>
    </task>
    <task id="LOCAL-00074" summary="Уникальность элементов и сортировка. [#110225]">
      <created>1668451560462</created>
      <option name="number" value="00074" />
      <option name="presentableId" value="LOCAL-00074" />
      <option name="project" value="LOCAL" />
      <updated>1668451560462</updated>
    </task>
    <task id="LOCAL-00075" summary="Преобразование List в Map. [#110226]">
      <created>1668453442704</created>
      <option name="number" value="00075" />
      <option name="presentableId" value="LOCAL-00075" />
      <option name="project" value="LOCAL" />
      <updated>1668453442704</updated>
    </task>
    <task id="LOCAL-00076" summary="Генерирование колоды карт. FlatMap [#504873]">
      <created>1668455510964</created>
      <option name="number" value="00076" />
      <option name="presentableId" value="LOCAL-00076" />
      <option name="project" value="LOCAL" />
      <updated>1668455510964</updated>
    </task>
    <task id="LOCAL-00077" summary="Генерирование колоды карт. FlatMap [#504873]">
      <created>1668455542176</created>
      <option name="number" value="00077" />
      <option name="presentableId" value="LOCAL-00077" />
      <option name="project" value="LOCAL" />
      <updated>1668455542176</updated>
    </task>
    <task id="LOCAL-00078" summary="Список адресов [#110062 #360839]">
      <created>1668530056612</created>
      <option name="number" value="00078" />
      <option name="presentableId" value="LOCAL-00078" />
      <option name="project" value="LOCAL" />
      <updated>1668530056612</updated>
    </task>
    <task id="LOCAL-00079" summary="Список адресов [#110062 #360839]">
      <created>1668530192095</created>
      <option name="number" value="00079" />
      <option name="presentableId" value="LOCAL-00079" />
      <option name="project" value="LOCAL" />
      <updated>1668530192095</updated>
    </task>
    <task id="LOCAL-00080" summary="Уникальность элементов и сортировка. [#110225 #360857]">
      <created>1668530281666</created>
      <option name="number" value="00080" />
      <option name="presentableId" value="LOCAL-00080" />
      <option name="project" value="LOCAL" />
      <updated>1668530281666</updated>
    </task>
    <task id="LOCAL-00081" summary="Преобразование List в Map. [#110226 #360866]">
      <created>1668531132793</created>
      <option name="number" value="00081" />
      <option name="presentableId" value="LOCAL-00081" />
      <option name="project" value="LOCAL" />
      <updated>1668531132793</updated>
    </task>
    <task id="LOCAL-00082" summary="Уникальность элементов и сортировка. [#110225 #360857]">
      <created>1668628499397</created>
      <option name="number" value="00082" />
      <option name="presentableId" value="LOCAL-00082" />
      <option name="project" value="LOCAL" />
      <updated>1668628499397</updated>
    </task>
    <task id="LOCAL-00083" summary="Тестовое задание из модуля коллекции Lite переделать на Stream API. [#24260]">
      <created>1668705959127</created>
      <option name="number" value="00083" />
      <option name="presentableId" value="LOCAL-00083" />
      <option name="project" value="LOCAL" />
      <updated>1668705959127</updated>
    </task>
    <task id="LOCAL-00084" summary="Шаблоны проектирования в Stream API [#310012]">
      <created>1668875322331</created>
      <option name="number" value="00084" />
      <option name="presentableId" value="LOCAL-00084" />
      <option name="project" value="LOCAL" />
      <updated>1668875322331</updated>
    </task>
    <task id="LOCAL-00085" summary="Шаблоны проектирования в Stream API [#310012]">
      <created>1668875772448</created>
      <option name="number" value="00085" />
      <option name="presentableId" value="LOCAL-00085" />
      <option name="project" value="LOCAL" />
      <updated>1668875772448</updated>
    </task>
    <task id="LOCAL-00086" summary="Метод .of [#70623]">
      <created>1668966653434</created>
      <option name="number" value="00086" />
      <option name="presentableId" value="LOCAL-00086" />
      <option name="project" value="LOCAL" />
      <updated>1668966653434</updated>
    </task>
    <task id="LOCAL-00087" summary="Local-Variable Type Inference [#70626]">
      <created>1668970974372</created>
      <option name="number" value="00087" />
      <option name="presentableId" value="LOCAL-00087" />
      <option name="project" value="LOCAL" />
      <updated>1668970974372</updated>
    </task>
    <task id="LOCAL-00088" summary="Optional - empty, of [#214711]">
      <created>1668973400754</created>
      <option name="number" value="00088" />
      <option name="presentableId" value="LOCAL-00088" />
      <option name="project" value="LOCAL" />
      <updated>1668973400754</updated>
    </task>
    <task id="LOCAL-00089" summary="Local-Variable Type Inference [#70626 #362574]">
      <created>1669045693998</created>
      <option name="number" value="00089" />
      <option name="presentableId" value="LOCAL-00089" />
      <option name="project" value="LOCAL" />
      <updated>1669045693998</updated>
    </task>
    <task id="LOCAL-00090" summary="Optional - empty, of [#214711 #362593]">
      <created>1669053223302</created>
      <option name="number" value="00090" />
      <option name="presentableId" value="LOCAL-00090" />
      <option name="project" value="LOCAL" />
      <updated>1669053223302</updated>
    </task>
    <task id="LOCAL-00091" summary="Аттестация [#49777]">
      <created>1669060380107</created>
      <option name="number" value="00091" />
      <option name="presentableId" value="LOCAL-00091" />
      <option name="project" value="LOCAL" />
      <updated>1669060380107</updated>
    </task>
    <task id="LOCAL-00092" summary="Аттестация [#49777 #362985]">
      <created>1669129643538</created>
      <option name="number" value="00092" />
      <option name="presentableId" value="LOCAL-00092" />
      <option name="project" value="LOCAL" />
      <updated>1669129643538</updated>
    </task>
    <option name="localTasksCounter" value="93" />
    <servers />
  </component>
  <component name="Vcs.Log.Tabs.Properties">
    <option name="TAB_STATES">
      <map>
        <entry key="MAIN">
          <value>
            <State />
          </value>
        </entry>
      </map>
    </option>
    <option name="oldMeFiltersMigrated" value="true" />
  </component>
  <component name="VcsManagerConfiguration">
    <MESSAGE value="Зона видимости в лямбда-выражениях и исключения [#70609]" />
    <MESSAGE value="Зона видимости в лямбда-выражениях и исключения [#70609 #359091]" />
    <MESSAGE value="Подсчет функции в диапазоне. [#24251]" />
    <MESSAGE value="Функции высшего порядка [#24255]" />
    <MESSAGE value="Stream API [#58166]" />
    <MESSAGE value="Функции высшего порядка [#24255 #360155]" />
    <MESSAGE value="Отладка лямбда в IDEA [#259165]" />
    <MESSAGE value="Перенос методов в Stream API [#279131]" />
    <MESSAGE value="Фильтрация учеников [#110058]" />
    <MESSAGE value="Список адресов [#110062]" />
    <MESSAGE value="Уникальность элементов и сортировка. [#110225]" />
    <MESSAGE value="Преобразование List в Map. [#110226]" />
    <MESSAGE value="Генерирование колоды карт. FlatMap [#504873]" />
    <MESSAGE value="Список адресов [#110062 #360839]" />
    <MESSAGE value="Преобразование List в Map. [#110226 #360866]" />
    <MESSAGE value="Уникальность элементов и сортировка. [#110225 #360857]" />
    <MESSAGE value="Тестовое задание из модуля коллекции Lite переделать на Stream API. [#24260]" />
    <MESSAGE value="Шаблоны проектирования в Stream API [#310012]" />
    <MESSAGE value="Метод .of [#70623]" />
    <MESSAGE value="Local-Variable Type Inference [#70626]" />
    <MESSAGE value="Optional - empty, of [#214711]" />
    <MESSAGE value="Local-Variable Type Inference [#70626 #362574]" />
    <MESSAGE value="Optional - empty, of [#214711 #362593]" />
    <MESSAGE value="Аттестация [#49777]" />
    <MESSAGE value="Аттестация [#49777 #362985]" />
    <option name="LAST_COMMIT_MESSAGE" value="Аттестация [#49777 #362985]" />
  </component>
  <component name="com.intellij.coverage.CoverageDataManagerImpl">
    <SUITE FILE_PATH="coverage/job4j_tracker$StringCompareTest_whenLeftGreaterThanRightResultShouldBePositive.ic" NAME="StringCompareTest.whenLeftGreaterThanRightResultShouldBePositive Coverage Results" MODIFIED="1666554968765" SOURCE_PROVIDER="com.intellij.coverage.DefaultCoverageFileProvider" RUNNER="idea" COVERAGE_BY_TEST_ENABLED="false" COVERAGE_TRACING_ENABLED="false">
      <FILTER>ru.job4j.collection.*</FILTER>
    </SUITE>
    <SUITE FILE_PATH="coverage/job4j_tracker$DepartmentsTest_whenMissed.ic" NAME="DepartmentsTest.whenMissed Coverage Results" MODIFIED="1667235886775" SOURCE_PROVIDER="com.intellij.coverage.DefaultCoverageFileProvider" RUNNER="idea" COVERAGE_BY_TEST_ENABLED="false" COVERAGE_TRACING_ENABLED="false">
      <FILTER>ru.job4j.collection.*</FILTER>
    </SUITE>
  </component>
</project>